Feature,0,1,MeanDecreaseAccuracy,MeanDecreaseGini
day_of_week,4.2241996328061235,-0.9295716535543106,3.8452093992481484,198.12233591684645
speed_zone,14.685724850324451,2.7980244528193974,15.302833294127508,147.62105776666684
season,-0.6504924555996624,-1.1516577232337375,-0.888333947484155,133.38142628738862
hour_group,4.361863986548799,4.133027942518567,4.891330620244702,125.0237034372113
accident_type_desc,39.54964353571214,-11.156149018020034,40.12969122542766,98.48503427365003
no_of_vehicles,35.504328577085026,-21.804556413277144,35.14034167287523,72.18388762180213
atmosph_cond_desc,15.408976208115714,-6.399518832294388,14.887597320656477,66.76565282347156
surface_cond_desc,17.522908145770366,-8.23023610461259,16.96112039807685,56.450110981989255
area_type,14.693424811299517,5.041780311415927,15.674239143688435,43.63512897591286
